Workbook

Sheet Read me
A1: XAUUSD easy journal
A2: SIMULATION ONLY. Not for real money. Not a signal. The rule has not yet been tested on data nobody has looked at.
A4: How to use it
A5: 1. On your Mac, run the journal command (see docs/xauusd-guide-complete.md). It writes data/journal.csv.
A6: 2. Open data/journal.csv in Excel or Numbers, so the columns split. Copy only the rows that are not in this sheet yet.
A7: 3. Paste them into the next empty row of the Journal sheet, starting at column A. Never paste over rows you've filled in.
A8: 4. Fill in the yellow columns by hand: rule_followed (yes or no), actual_entry, actual_exit and notes. Leave them blank if you didn't take that session.
A9: 5. The grey columns calculate themselves. Don't type in them.
A10: 6. The Summary sheet updates by itself.
A12: The rule the journal tracks
A13: Session momentum on XAUUSD. London and New York sessions, 08:00 to 17:00 local time. Entry at 08:30 local time if the close is at least 0.6 × daily ATR above or below the pre-session start price and on the matching side of the 300-bar EMA. Stop 0.6 × daily ATR from entry. Target 2 × the stop distance. Exit at the stop, the target, or the 17:00 close, whichever comes first. At most one entry per session.
A15: The limits
A16: Simulated balance $10,000. Risk $50 per trade (0.5%). Size = $50 ÷ the distance between entry and stop. Daily loss cap $100. Limits are on the Settings sheet and are fixed for the test.

Sheet Journal
A1: date | B1: session | C1: entry_time_local | D1: market | E1: setup | F1: signal_score | G1: direction | H1: entry | I1: stop | J1: target | K1: exit | L1: exit_reason | M1: result_R | N1: costs_usd | O1: simulated_size | P1: rule_followed | Q1: actual_entry | R1: actual_exit | S1: notes | T1: source | U1: auto size (oz) | V1: result ($) | W1: cumulative R | X1: peak R | Y1: drawdown R | Z1: losing streak
U2: =IF(OR(H2="",I2=""),"",ROUND(Settings!$B$4/ABS(H2-I2),2)) | V2: =IF(M2="","",ROUND(M2*Settings!$B$4,2)) | W2: =IF(M2="","",SUM($M$2:M2)) | X2: =IF(M2="","",MAX(0,N(X1),W2)) | Y2: =IF(M2="","",X2-W2) | Z2: =IF(M2="","",IF(M2<0,N(Z1)+1,0))
U3: =IF(OR(H3="",I3=""),"",ROUND(Settings!$B$4/ABS(H3-I3),2)) | V3: =IF(M3="","",ROUND(M3*Settings!$B$4,2)) | W3: =IF(M3="","",SUM($M$2:M3)) | X3: =IF(M3="","",MAX(0,N(X2),W3)) | Y3: =IF(M3="","",X3-W3) | Z3: =IF(M3="","",IF(M3<0,N(Z2)+1,0))
U4: =IF(OR(H4="",I4=""),"",ROUND(Settings!$B$4/ABS(H4-I4),2)) | V4: =IF(M4="","",ROUND(M4*Settings!$B$4,2)) | W4: =IF(M4="","",SUM($M$2:M4)) | X4: =IF(M4="","",MAX(0,N(X3),W4)) | Y4: =IF(M4="","",X4-W4) | Z4: =IF(M4="","",IF(M4<0,N(Z3)+1,0))
U5: =IF(OR(H5="",I5=""),"",ROUND(Settings!$B$4/ABS(H5-I5),2)) | V5: =IF(M5="","",ROUND(M5*Settings!$B$4,2)) | W5: =IF(M5="","",SUM($M$2:M5)) | X5: =IF(M5="","",MAX(0,N(X4),W5)) | Y5: =IF(M5="","",X5-W5) | Z5: =IF(M5="","",IF(M5<0,N(Z4)+1,0))
U6: =IF(OR(H6="",I6=""),"",ROUND(Settings!$B$4/ABS(H6-I6),2)) | V6: =IF(M6="","",ROUND(M6*Settings!$B$4,2)) | W6: =IF(M6="","",SUM($M$2:M6)) | X6: =IF(M6="","",MAX(0,N(X5),W6)) | Y6: =IF(M6="","",X6-W6) | Z6: =IF(M6="","",IF(M6<0,N(Z5)+1,0))
U7: =IF(OR(H7="",I7=""),"",ROUND(Settings!$B$4/ABS(H7-I7),2)) | V7: =IF(M7="","",ROUND(M7*Settings!$B$4,2)) | W7: =IF(M7="","",SUM($M$2:M7)) | X7: =IF(M7="","",MAX(0,N(X6),W7)) | Y7: =IF(M7="","",X7-W7) | Z7: =IF(M7="","",IF(M7<0,N(Z6)+1,0))
U8: =IF(OR(H8="",I8=""),"",ROUND(Settings!$B$4/ABS(H8-I8),2)) | V8: =IF(M8="","",ROUND(M8*Settings!$B$4,2)) | W8: =IF(M8="","",SUM($M$2:M8)) | X8: =IF(M8="","",MAX(0,N(X7),W8)) | Y8: =IF(M8="","",X8-W8) | Z8: =IF(M8="","",IF(M8<0,N(Z7)+1,0))
U9: =IF(OR(H9="",I9=""),"",ROUND(Settings!$B$4/ABS(H9-I9),2)) | V9: =IF(M9="","",ROUND(M9*Settings!$B$4,2)) | W9: =IF(M9="","",SUM($M$2:M9)) | X9: =IF(M9="","",MAX(0,N(X8),W9)) | Y9: =IF(M9="","",X9-W9) | Z9: =IF(M9="","",IF(M9<0,N(Z8)+1,0))
U10: =IF(OR(H10="",I10=""),"",ROUND(Settings!$B$4/ABS(H10-I10),2)) | V10: =IF(M10="","",ROUND(M10*Settings!$B$4,2)) | W10: =IF(M10="","",SUM($M$2:M10)) | X10: =IF(M10="","",MAX(0,N(X9),W10)) | Y10: =IF(M10="","",X10-W10) | Z10: =IF(M10="","",IF(M10<0,N(Z9)+1,0))
U11: =IF(OR(H11="",I11=""),"",ROUND(Settings!$B$4/ABS(H11-I11),2)) | V11: =IF(M11="","",ROUND(M11*Settings!$B$4,2)) | W11: =IF(M11="","",SUM($M$2:M11)) | X11: =IF(M11="","",MAX(0,N(X10),W11)) | Y11: =IF(M11="","",X11-W11) | Z11: =IF(M11="","",IF(M11<0,N(Z10)+1,0))
U12: =IF(OR(H12="",I12=""),"",ROUND(Settings!$B$4/ABS(H12-I12),2)) | V12: =IF(M12="","",ROUND(M12*Settings!$B$4,2)) | W12: =IF(M12="","",SUM($M$2:M12)) | X12: =IF(M12="","",MAX(0,N(X11),W12)) | Y12: =IF(M12="","",X12-W12) | Z12: =IF(M12="","",IF(M12<0,N(Z11)+1,0))
U13: =IF(OR(H13="",I13=""),"",ROUND(Settings!$B$4/ABS(H13-I13),2)) | V13: =IF(M13="","",ROUND(M13*Settings!$B$4,2)) | W13: =IF(M13="","",SUM($M$2:M13)) | X13: =IF(M13="","",MAX(0,N(X12),W13)) | Y13: =IF(M13="","",X13-W13) | Z13: =IF(M13="","",IF(M13<0,N(Z12)+1,0))
... U1000: =IF(OR(H1000="",I1000=""),"",ROUND(Settings!$B$4/ABS(H1000-I1000),2)) | V1000: =IF(M1000="","",ROUND(M1000*Settings!$B$4,2)) | W1000: =IF(M1000="","",SUM($M$2:M1000)) | X1000: =IF(M1000="","",MAX(0,N(X999),W1000)) | Y1000: =IF(M1000="","",X1000-W1000) | Z1000: =IF(M1000="","",IF(M1000<0,N(Z999)+1,0))

Sheet Summary
A1: Measure | B1: Value | C1: What it means
A2: Sessions logged | B2: =COUNT(Journal!M2:M1000) | C2: Each session with a result in the journal.
A3: Wins | B3: =COUNTIF(Journal!M2:M1000,">0") | C3: Sessions that finished with a positive R.
A4: Win rate | B4: =IF(B2=0,"",B3/B2) | C4: Wins as a share of sessions. Small samples swing a lot.
A5: Average R per session | B5: =IF(B2=0,"",AVERAGE(Journal!M2:M1000)) | C5: Average result in R, after costs.
A6: Total R | B6: =SUM(Journal!M2:M1000) | C6: Sum of every logged result, in R.
A7: Total $ (at the risk amount) | B7: =ROUND(B6*Settings!$B$4,2) | C7: Total R times the risk amount per trade.
A8: Average win (R) | B8: =IFERROR(AVERAGEIF(Journal!M2:M1000,">0"),"none yet") | C8: Average of the winning sessions.
A9: Average loss (R) | B9: =IFERROR(AVERAGEIF(Journal!M2:M1000,"<0"),"none yet") | C9: Average of the losing sessions.
A10: Max drawdown (R) | B10: =MAX(Journal!Y2:Y1000) | C10: Largest fall from a peak in the running total.
A11: Max drawdown ($) | B11: =ROUND(B10*Settings!$B$4,2) | C11: The same fall, in dollars at the risk amount.
A12: Longest losing streak | B12: =MAX(Journal!Z2:Z1000) | C12: Most losing sessions in a row.
A13: Spread and costs ($ per oz) | B13: =SUM(Journal!N2:N1000) | C13: Costs charged to the logged results, per ounce.
A14: Rule violations (rule_followed = no) | B14: =COUNTIF(Journal!P2:P1000,"no") | C14: Sessions where a rule was broken. Log each one.

Sheet Settings
A1: Setting | B1: Value | C1: Note
A2: Simulated balance ($) | B2: 10000 | C2: Confirmed 26 Oct 2026. Keep it fixed during the test.
A3: Risk per trade (fraction) | B3: 0.005 | C3: 0.5%, confirmed. Keep it fixed during the test.
A4: Risk amount per trade ($) | B4: =B2*B3 | C4: Calculated. Used for every size and dollar figure.
A5: Daily loss cap ($) | B5: 100 | C5: Kept at $100. Two full stops on one day cost about $103 with costs.
